交易日期,縣市,鄉鎮市區,土地位置建物門牌,建物型態,建坪,屋齡,總價_萬,單價_萬每坪,建物現況格局-房,建物現況格局-廳,建物現況格局-衛,建築完成年月,移轉層次,總樓層數
2026-09-07,新北市,中和區,新北市中和區南山路８１巷５０號,華廈(10層含以下有電梯),31.720151189505668,28.6,1500.0,47.288593268,3,2,2,0870213,一層,六層
2026-08-28,新北市,中和區,新北市中和區圓通路２９９巷３８號九樓,住宅大樓(11層含以上有電梯),28.96740108627754,17.9,1600.0,55.23437809400001,3,2,1,0971007,九層,十三層
2026-08-14,新北市,中和區,新北市中和區保健路４６巷１７號三樓,公寓(5樓含以下無電梯),20.669825775118465,56.3,1245.0,60.232725014,3,2,2,0590425,三層,四層
2026-08-14,新北市,中和區,新北市中和區中正路１６７巷３５號四樓之一,住宅大樓(11層含以上有電梯),6.751800253192509,29.1,466.0,69.0185098085,1,1,1,0860705,四層,十二層
2026-08-13,新北市,中和區,新北市中和區秀朗路三段１１７號五樓,住宅大樓(11層含以上有電梯),60.93560228508508,2.2,3381.0,55.484956597,3,2,2,1130521,五層,十四層
2026-08-11,新北市,中和區,新北市中和區民治街５巷８號四樓,公寓(5樓含以下無電梯),35.041601314060046,51.1,1435.0,40.951403423,3,2,2,0640722,四層,四層
2026-08-10,新北市,中和區,新北市中和區橋和路１６８號七樓之一,住宅大樓(11層含以上有電梯),23.174525869044718,27.6,1380.0,59.548096940499995,2,1,1,0871230,七層,十四層
2026-08-09,新北市,中和區,新北市中和區民利街６１巷３９號十三樓,住宅大樓(11層含以上有電梯),42.13825158018444,2.1,2426.0,66.02247686300001,2,2,2,1130625,十三層,十三層
2026-08-09,新北市,中和區,新北市中和區和平街７６巷２弄１號四樓,公寓(5樓含以下無電梯),31.574951184060666,46.4,1405.0,44.49718841400001,3,2,2,0690326,四層，陽台,五層
2026-08-07,新北市,中和區,新北市中和區景平路４９０號十六樓之一,住宅大樓(11層含以上有電梯),19.305550723958152,18.3,1370.0,70.963964281,0,0,0,0970501,十六層,十九層
2026-08-06,新北市,中和區,新北市中和區景安路８０號十樓,住宅大樓(11層含以上有電梯),32.58227622183536,18.6,2220.0,68.1352040565,2,2,2,0970109,十層,十二層
2026-08-05,新北市,中和區,新北市中和區南華路２３號三樓之一,住宅大樓(11層含以上有電梯),51.63372693626476,25.4,2560.0,62.302146424,3,2,2,0900326,三層,十四層
2026-08-04,新北市,中和區,新北市中和區圓通路３６９巷１５６弄６號三樓,公寓(5樓含以下無電梯),32.379601214235045,27.7,1000.0,30.883635205500003,3,2,2,0871124,三層,五層
2026-08-03,新北市,中和區,新北市中和區景新街２７４巷９號二樓,公寓(5樓含以下無電梯),37.40715140276817,39.5,1635.0,43.708097534500006,4,2,2,0760124,二層,五層
2026-08-02,新北市,中和區,新北市中和區中山路二段１３１巷１０弄８號三樓,公寓(5樓含以下無電梯),25.113550941758156,51.6,800.0,31.855205417,3,2,2,0631230,三層,四層
2026-08-02,新北市,中和區,新北市中和區橋和路１６０巷１５號十四樓,住宅大樓(11層含以上有電梯),17.242500646593772,27.6,1030.0,59.736196107000005,2,1,1,0871230,十四層,十四層
2026-08-02,新北市,中和區,新北市中和區中興街１３５巷１１號二樓,公寓(5樓含以下無電梯),24.922975934611596,46.8,1330.0,53.364295519500004,3,2,1,0681008,二層，陽台,五層
2026-07-30,新北市,中和區,新北市中和區中興街２２０號七樓之二,住宅大樓(11層含以上有電梯),23.794650892299405,17.4,1548.0,65.056526486,2,2,1,0980318,七層,十五層
2026-07-29,新北市,中和區,新北市中和區景平路９９９巷１號五樓,公寓(5樓含以下無電梯),39.99655149987068,44.4,1450.0,36.253221781,3,2,1,0710227,五層,五層
2026-07-24,新北市,中和區,新北市中和區圓通路２００號四樓,公寓(5樓含以下無電梯),24.587200922020035,47.0,950.0,38.63801508,3,2,1,0680807,四層，陽台,五層
2026-07-24,新北市,中和區,新北市中和區福祥路５９號二樓,公寓(5樓含以下無電梯),25.53705095763941,48.8,1050.0,41.116692673,3,2,1,0661020,二層，陽台,四層
2026-07-24,新北市,中和區,新北市中和區景平路１５９巷７６號七樓之三,華廈(10層含以下有電梯),32.32515121219317,31.0,1570.0,48.5689237985,3,2,2,0840728,七層,十層
2026-07-23,新北市,中和區,新北市中和區中原二街６９號九樓,住宅大樓(11層含以上有電梯),89.73662836512355,11.9,4118.0,50.9927253605,3,2,2,1030813,九層,十四層
2026-07-23,新北市,中和區,新北市中和區圓通路３３５巷３３弄６１號二樓,華廈(10層含以下有電梯),51.04687691425788,19.8,2210.0,43.293552095500004,3,2,2,0950929,二層,八層
2026-07-21,新北市,中和區,新北市中和區南山路１２７巷２３號,公寓(5樓含以下無電梯),27.327851024794413,49.6,1900.0,69.5262783845,3,2,2,0651220,一層，平台,四層
2026-07-21,新北市,中和區,新北市中和區圓通路２９９巷２０號三樓,住宅大樓(11層含以上有電梯),27.376251026609413,17.8,1450.0,55.446609491,2,2,1,0971007,三層,十二層
2026-07-19,新北市,中和區,新北市中和區員山路１４９號五樓,公寓(5樓含以下無電梯),25.34647595049285,47.3,1220.0,48.132890757000006,4,0,4,0680413,五層，陽台,五層
2026-07-18,新北市,中和區,新北市中和區莒光路６８號二樓,公寓(5樓含以下無電梯),24.907850934044408,47.6,1188.0,47.69586598,3,2,2,0671130,二層，陽台,五層
2026-07-18,新北市,中和區,新北市中和區中正路８３９巷７０號十五樓,住宅大樓(11層含以上有電梯),38.58085144678193,1.2,2600.0,67.39107185300001,3,2,2,1140502,十五層,二十五層
2026-07-18,新北市,中和區,新北市中和區南山路３７巷３弄１１號三樓,公寓(5樓含以下無電梯),23.66760088753503,51.2,1050.0,44.364295857,2,2,1,0640515,三層,四層
2026-07-15,新北市,中和區,新北市中和區景平路１９０號四十樓之五,住宅大樓(11層含以上有電梯),13.403775502641581,28.7,850.0,63.414873655,1,1,1,0861104,四十層,四十一層
2026-07-12,新北市,中和區,新北市中和區連城路２６１巷２１號三樓,華廈(10層含以下有電梯),30.401251140046917,3.0,2100.0,66.78346857,3,1,2,1120628,三層,十層
2026-07-12,新北市,中和區,新北市中和區自立路１０７號,公寓(5樓含以下無電梯),32.028701201076295,45.4,1780.0,55.575204527500006,0,2,2,0700219,一層，二層，陽台，平台，騎樓,五層
2026-07-08,新北市,中和區,新北市中和區安樂路２１７巷４０弄１號五樓,公寓(5樓含以下無電梯),30.667451150029414,38.7,1448.0,47.2161965765,3,2,2,0761110,五層,五層
2026-07-06,新北市,中和區,新北市中和區新生街１１２號三樓,公寓(5樓含以下無電梯),29.92632612223723,40.3,1200.0,40.098510893000004,3,2,2,0750305,三層,五層
2026-07-02,新北市,中和區,新北市中和區景平路２６８號十九樓,住宅大樓(11層含以上有電梯),15.835875593845333,26.1,950.0,59.990410973500005,1,1,1,0890529,十九層,三十四層
2026-07-01,新北市,中和區,新北市中和區連勝街１２１巷１２號三樓,公寓(5樓含以下無電梯),7.256975272136572,48.2,300.0,41.339502582,3,1,1,0670503,三層，陽台,四層
2026-06-30,新北市,中和區,新北市中和區員山路６１１巷２弄２４號四樓之１,公寓(5樓含以下無電梯),9.075000340312512,56.0,600.0,66.1157,2,1,1,0590710,四層,五層
2026-06-28,新北市,中和區,新北市中和區中正路７號九樓之三,住宅大樓(11層含以上有電梯),34.38517628944411,27.6,2020.0,58.74611349950001,2,2,1,0871103,九層,二十二層
2026-06-28,新北市,中和區,新北市中和區圓通路２０６號四樓,公寓(5樓含以下無電梯),22.158125830929716,46.9,780.0,35.2016515725,3,1,1,0680807,四層，陽台,五層
2026-06-28,新北市,中和區,新北市中和區圓通路４１７之３５號八樓,華廈(10層含以下有電梯),41.12185154206943,28.0,1830.0,49.258841128,3,2,2,0870702,八層,九層
2026-06-27,新北市,中和區,新北市中和區建康路２０２號十五樓,住宅大樓(11層含以上有電梯),49.29237684846412,7.3,3650.0,74.0479311075,3,2,2,1080225,十五層,二十七層
2026-06-24,新北市,中和區,新北市中和區圓通路３０５巷５弄５９號八樓,住宅大樓(11層含以上有電梯),26.154150980780663,1.5,1655.0,63.27867531300001,1,1,1,1140102,八層,十四層
2026-06-23,新北市,中和區,新北市中和區景新街３３７之１號三十樓,住宅大樓(11層含以上有電梯),21.253650797011904,4.3,1630.0,76.6925591075,2,1,1,1110224,三十層,三十六層
2026-06-23,新北市,中和區,新北市中和區秀朗路三段１０巷３１弄２號,華廈(10層含以下有電梯),45.362901701108804,37.4,2060.0,45.411568545,5,2,2,0780121,一層，地下層,五層
2026-06-22,新北市,中和區,新北市中和區和平街３８巷２８號二樓,公寓(5樓含以下無電梯),24.744500927918782,48.2,1256.0,50.758675782500006,3,2,1,0670417,二層，陽台,四層
2026-06-22,新北市,中和區,新北市中和區景平路４９７號四樓,公寓(5樓含以下無電梯),30.14110113029129,47.3,1370.0,45.4528908575,4,2,2,0680227,四層,五層
2026-06-19,新北市,中和區,新北市中和區成功路１巷２弄１６號四樓,華廈(10層含以下有電梯),44.119626654486005,40.1,2030.0,48.735204784000004,1,2,1,0750520,四層,七層
2026-06-13,新北市,中和區,新北市中和區福祥路９號十三樓之三十,住宅大樓(11層含以上有電梯),17.13360064251002,27.6,1070.0,62.45024559200001,1,1,1,0871120,十三層,十九層
2026-06-10,新北市,中和區,新北市中和區福祥路６８號十六樓之二,住宅大樓(11層含以上有電梯),52.7257519772157,18.8,3000.0,68.1325594285,3,2,2,0960828,十六層,二十一層
2026-06-10,新北市,中和區,新北市中和區連城路９９巷１１號十四樓之一,住宅大樓(11層含以上有電梯),45.958826723456,27.4,2480.0,55.99338633000001,2,2,2,0880114,十四層,十八層
2026-06-10,新北市,中和區,新北市中和區壽德街２７號十樓之三,住宅大樓(11層含以上有電梯),47.33217677495663,26.1,2006.0,42.381155435500006,3,2,2,0890516,十層,十四層
2026-06-09,新北市,中和區,新北市中和區中原二街１６號十一樓,住宅大樓(11層含以上有電梯),168.73148132743052,9.0,10500.0,62.22908857550001,4,2,5,1060531,十一層,二十七層
2026-06-08,新北市,中和區,新北市中和區景新街３４２號十二樓,住宅大樓(11層含以上有電梯),35.21402632052598,26.6,1890.0,53.671733524500006,3,2,2,0881022,十二層,十二層
2026-06-06,新北市,中和區,新北市中和區景平路２４０巷２弄１３號六樓,華廈(10層含以下有電梯),83.7471281405173,34.2,3365.0,40.180494361,3,2,2,0810327,六層，七層,十層
2026-06-04,新北市,中和區,新北市中和區福祥路６８號七樓之二,住宅大樓(11層含以上有電梯),15.920575597021585,18.8,1065.0,66.894542946,1,1,1,0960828,七層,二十一層
2026-06-02,新北市,中和區,新北市中和區景平路２２１巷１０號,公寓(5樓含以下無電梯),37.22867639607536,40.6,2050.0,55.06512190200001,4,2,2,0741104,一層,五層
2026-05-30,新北市,中和區,新北市中和區秀朗路三段５０巷１７號,公寓(5樓含以下無電梯),9.546900358008763,42.7,765.0,80.1305755075,0,0,1,0720901,一層,四層
2026-05-29,新北市,中和區,新北市中和區壽德街１１號三樓之二,住宅大樓(11層含以上有電梯),46.152426730715995,26.0,1858.0,40.257849730000004,3,2,2,0890516,三層,十四層
2026-05-25,新北市,中和區,新北市中和區景安路１５３號四樓,公寓(5樓含以下無電梯),21.495650806086903,48.9,1100.0,51.1732212215,3,2,1,0660620,四層，陽台,四層
2026-05-24,新北市,中和區,新北市中和區景平路６６６號十樓之六,住宅大樓(11層含以上有電梯),38.80167645506286,27.9,1920.0,55.6836342755,3,2,2,0870710,十層,十三層
2026-05-18,新北市,中和區,新北市中和區圓通路３６９巷１５６弄１０號,華廈(10層含以下有電梯),41.1037015413888,27.5,1215.0,33.817519393,3,2,2,0871124,一層,五層
2026-05-16,新北市,中和區,新北市中和區圓通路３６７巷３３弄１３２號五樓,華廈(10層含以下有電梯),43.85040164439006,16.8,1920.0,51.67074186400001,2,2,2,0980806,五層,五層
2026-05-11,新北市,中和區,新北市中和區員山路１４６之２號四樓,公寓(5樓含以下無電梯),23.044450864166908,47.5,1150.0,49.903469203,3,1,2,0671120,四層，陽台,五層
2026-05-08,新北市,中和區,新北市中和區連城路５５５之２號十樓,住宅大樓(11層含以上有電梯),29.530051107376917,1.3,2250.0,76.193716151,2,1,1,1140115,十層,二十四層
2026-05-07,新北市,中和區,新北市中和區秀朗路三段１７５巷１０號十三樓,住宅大樓(11層含以上有電梯),52.586601971997574,30.3,2300.0,52.12561788000001,4,2,2,0850108,十三層,二十三層
2026-05-06,新北市,中和區,新北市中和區興南路二段１５９巷２８號八樓,住宅大樓(11層含以上有電梯),53.5485520080707,31.3,2050.0,38.2852878205,3,2,2,0831231,八層,十四層
2026-05-06,新北市,中和區,新北市中和區中正路３５２號十一樓,住宅大樓(11層含以上有電梯),54.540752045278204,12.8,2950.0,59.992063866,3,2,2,1020702,十一層,二十一層
2026-05-06,新北市,中和區,新北市中和區民利街６８巷３之１號十五樓,住宅大樓(11層含以上有電梯),38.55362644576099,5.5,1900.0,62.808262107500006,2,2,1,1091113,十五層,十五層
2026-05-04,新北市,中和區,新北市中和區新生街２７０號四樓,公寓(5樓含以下無電梯),23.61012588537972,42.3,1180.0,49.9785105225,3,1,1,0730113,四層,五層
2026-05-03,新北市,中和區,新北市中和區中原三街５號九樓,住宅大樓(11層含以上有電梯),36.427051366014425,5.4,2150.0,59.022146547000006,2,2,1,1091202,九層,二十三層
2026-05-03,新北市,中和區,新北市中和區莊敬路３３巷３４弄１１號二樓,公寓(5樓含以下無電梯),26.7863760044891,49.7,1335.0,49.838675817,3,2,1,0650831,二層，陽台,四層
2026-05-03,新北市,中和區,新北市中和區中原街３０號十六樓,住宅大樓(11層含以上有電梯),33.15400124327504,6.7,1765.0,53.236361640000005,2,1,1,1080806,十六層,二十層
2026-05-02,新北市,中和區,新北市中和區福祥路９號十一樓之二十,住宅大樓(11層含以上有電梯),18.488800693330024,27.4,1188.0,64.255204202,1,1,1,0871120,十一層,十九層
2026-04-29,新北市,中和區,新北市中和區圓通路４１５號七樓,華廈(10層含以下有電梯),23.337875875170347,27.8,1360.0,58.274377980000004,2,2,1,0870702,七層,九層
2026-04-29,新北市,中和區,新北市中和區中正路２１號二十二樓之七,住宅大樓(11層含以上有電梯),12.438800466455017,29.4,730.0,58.6872705265,0,0,0,0851116,二十二層,二十二層
2026-04-28,新北市,中和區,新北市中和區成功路１３３號十四樓之一,住宅大樓(11層含以上有電梯),32.89687623363286,29.1,1888.0,57.39140280650001,4,2,2,0860322,十四層,三十三層
2026-04-28,新北市,中和區,新北市中和區中山路二段１４３號四樓,住宅大樓(11層含以上有電梯),26.995101012316283,33.5,1410.0,52.2317335785,3,2,2,0811019,四層,十二層
2026-04-27,新北市,中和區,新北市中和區景新街２９５巷２３號三樓,公寓(5樓含以下無電梯),27.684801038180037,51.2,1460.0,52.736526948000005,3,2,1,0640204,三層,四層
2026-04-27,新北市,中和區,新北市中和區忠孝街１１巷４８號四樓,公寓(5樓含以下無電梯),23.588950884585657,55.3,1000.0,42.392725683,3,2,2,0600110,四層，平台,四層
2026-04-26,新北市,中和區,新北市中和區安平路６７號十四樓之三,住宅大樓(11層含以上有電梯),26.583700996888783,30.1,1730.0,65.0773529315,2,2,1,0850325,十四層,十五層
2026-04-26,新北市,中和區,新北市中和區中安街１７８巷１３弄１２號三樓,公寓(5樓含以下無電梯),17.923125672117212,49.6,1180.0,65.836691746,2,2,1,0651006,三層，陽台,五層
2026-04-26,新北市,中和區,新北市中和區民樂路７號九樓,住宅大樓(11層含以上有電梯),29.690376113389103,21.0,1560.0,52.542146790000004,3,1,2,0940426,九層,十四層
2026-04-26,新北市,中和區,新北市中和區興南路二段３９９巷１２之１號二樓,華廈(10層含以下有電梯),30.60392614764723,10.3,1228.0,40.12561833,2,2,2,1041224,二層,四層
2026-04-25,新北市,中和區,新北市中和區安平路３０號二樓,公寓(5樓含以下無電梯),34.85102630691348,47.8,1200.0,34.432395403,4,2,2,0670705,二層，陽台,四層
2026-04-25,新北市,中和區,新北市中和區興南路一段１１７巷３弄６號三樓,公寓(5樓含以下無電梯),14.066250527484394,49.9,850.0,60.428427486000004,2,1,1,0650518,三層,四層
2026-04-25,新北市,中和區,新北市中和區景平路３８５巷９弄１８號,公寓(5樓含以下無電梯),25.32832594981222,50.9,1510.0,59.617187847,2,2,3,0640619,一層,四層
2026-04-25,新北市,中和區,新北市中和區民安街５３之１２號十四樓,住宅大樓(11層含以上有電梯),28.1173760544016,31.8,1380.0,49.0799981595,3,2,2,0830716,十四層,十四層
2026-04-23,新北市,中和區,新北市中和區南山路２７之１號六樓,華廈(10層含以下有電梯),41.82970156861381,9.3,2300.0,72.6892534725,3,2,2,1060103,六層,六層
2026-04-22,新北市,中和區,新北市中和區秀朗路三段１０巷１４弄９６號三樓,公寓(5樓含以下無電梯),26.072475977717847,51.3,1380.0,52.9292542135,3,2,1,0631216,三層,四層
2026-04-21,新北市,中和區,新北市中和區捷運路５２之１１號十七樓,住宅大樓(11層含以上有電梯),17.926150672230648,15.0,1500.0,83.676691077,1,1,1,1000415,十七層,十九層
2026-04-20,新北市,中和區,新北市中和區中山路二段１０３號,透天厝,92.17780345666763,48.3,5000.0,54.24297317250001,7,4,4,0661219,全,四層
2026-04-20,新北市,中和區,新北市中和區大仁街１０巷１４號,公寓(5樓含以下無電梯),24.333100912491282,50.3,1670.0,68.630741228,4,2,3,0650115,一層,四層
2026-04-20,新北市,中和區,新北市中和區安樂路２１９號,透天厝,56.301302111298824,52.1,11000.0,195.3775133345,6,2,1,0630316,全,三層
2026-04-19,新北市,中和區,新北市中和區工專路１６５號五樓之三,華廈(10層含以下有電梯),19.665525737457216,24.4,950.0,48.3077667835,1,2,1,0901130,五層,九層
2026-04-19,新北市,中和區,新北市中和區大勇街１０８號十二樓,住宅大樓(11層含以上有電梯),46.246201734232564,14.3,2870.0,70.51008000050001,3,2,2,1010116,十二層,十五層
2026-04-19,新北市,中和區,新北市中和區圓通路２９６巷５號三樓,公寓(5樓含以下無電梯),40.91917653446912,27.7,1250.0,30.548098028000002,3,2,2,0870806,三層,五層
2026-04-19,新北市,中和區,新北市中和區中正路８３９巷６２號十四樓,住宅大樓(11層含以上有電梯),34.60297629761161,1.0,2100.0,60.68826218700001,2,2,1,1140502,十四層,二十五層
2026-04-19,新北市,中和區,新北市中和區中原東街８６號四樓,住宅大樓(11層含以上有電梯),46.89355175850819,9.1,2800.0,59.709749826999996,2,2,1,1060309,四層,二十三層
2026-04-18,新北市,中和區,新北市中和區連城路３４７巷６弄２號,公寓(5樓含以下無電梯),17.34232565033721,50.4,1450.0,83.610575377,1,1,1,0641117,一層,四層
2026-04-18,新北市,中和區,新北市中和區德光路４８之１號八樓之五,住宅大樓(11層含以上有電梯),23.292500873468782,27.0,1500.0,64.3983446925,2,2,1,0880412,八層,十四層
2026-04-18,新北市,中和區,新北市中和區中正路２１號十一樓之二,住宅大樓(11層含以上有電梯),10.820425405765953,29.4,730.0,67.46512143700001,1,1,1,0851116,十一層,二十二層
2026-04-17,新北市,中和區,新北市中和區南華路５５之１號五樓,華廈(10層含以下有電梯),32.20112620754223,32.6,1730.0,53.724956663,3,2,2,0820906,五層,七層
2026-04-16,新北市,中和區,新北市中和區華新街２８之５號五樓,華廈(10層含以下有電梯),30.861051157289417,31.3,1250.0,40.50413071250001,3,2,2,0840114,五層,七層
2026-04-16,新北市,中和區,新北市中和區中正路５８號二樓,住宅大樓(11層含以上有電梯),18.2044506826669,33.0,1005.0,55.2062789215,1,2,1,0820501,二層,十二層
2026-04-16,新北市,中和區,新北市中和區秀朗路三段１７５巷２號九樓之六,住宅大樓(11層含以上有電梯),32.506651218999416,30.3,1880.0,57.8343779965,3,2,2,0850108,九層,二十三層
2026-04-15,新北市,中和區,新北市中和區圓通路３０５巷２９弄１號四樓,公寓(5樓含以下無電梯),27.9237760471416,37.3,770.0,27.5752055775,3,2,1,0771223,四層,五層
2026-04-15,新北市,中和區,新北市中和區德光路４６號二樓,住宅大樓(11層含以上有電梯),32.052901201983794,27.0,1800.0,56.1570226875,3,2,2,0880412,二層,十四層
2026-04-15,新北市,中和區,新北市中和區中和路２３７號四樓,住宅大樓(11層含以上有電梯),35.53467633255036,7.3,2460.0,73.2049559325,2,2,2,1071218,四層,十三層
2026-04-15,新北市,中和區,新北市中和區自立路２９巷１４弄２號,公寓(5樓含以下無電梯),31.626376185989105,42.3,1900.0,60.07636138350001,3,2,2,0730114,一層,五層
2026-04-14,新北市,中和區,新北市中和區中興街１１５巷１弄１號四樓,公寓(5樓含以下無電梯),30.721901152071293,42.4,1106.0,36.0003292285,3,2,2,0721121,四層,五層
2026-04-14,新北市,中和區,新北市中和區華新街１４３巷１０６弄１６號十二樓,住宅大樓(11層含以上有電梯),32.697226226145986,29.9,1100.0,33.6419822095,3,2,2,0850522,十二層,十六層
2026-04-14,新北市,中和區,新北市中和區景平路１３８號三樓,公寓(5樓含以下無電梯),31.635451186329416,37.8,1420.0,44.8862793085,3,2,2,0770625,三層,五層
2026-04-14,新北市,中和區,新北市中和區景平路４３１巷２５號五樓,住宅大樓(11層含以上有電梯),48.645026824188506,28.6,2688.0,59.052559769000005,4,2,2,0860910,五層,十七層
2026-04-13,新北市,中和區,新北市中和區保健路１０６巷３０號四樓,公寓(5樓含以下無電梯),32.40380121514254,37.8,1520.0,46.908097414500006,3,2,2,0770617,四層,五層
2026-04-13,新北市,中和區,新北市中和區安樂路２１７巷２０弄１８號三樓,華廈(10層含以下有電梯),28.193001057237538,26.7,1925.0,68.27933628250001,3,2,2,0880806,三層,六層
2026-04-13,新北市,中和區,新北市中和區安平路１４５巷８弄１０號九樓,住宅大樓(11層含以上有電梯),34.95085131065692,30.7,2490.0,71.242972535,3,2,2,0840819,九層,十二層
2026-04-12,新北市,中和區,新北市中和區華新街２０６巷８號二樓,公寓(5樓含以下無電梯),22.557425845903467,51.2,940.0,41.671403396,3,2,1,0640131,二層,四層
2026-04-12,新北市,中和區,新北市中和區南華路９號五樓之一,華廈(10層含以下有電梯),11.401225427545953,27.3,805.0,70.6066089225,1,1,1,0871217,五層,九層
2026-04-12,新北市,中和區,新北市中和區華順街３０巷２０號,住宅大樓(11層含以上有電梯),29.629876111120353,28.0,1330.0,44.887271044,1,2,1,0870420,一層，夾層,十四層
2026-04-12,新北市,中和區,新北市中和區大仁街１號二樓,公寓(5樓含以下無電梯),28.27770106041379,49.3,1296.0,45.8310726615,4,1,1,0651217,二層,四層
2026-04-12,新北市,中和區,新北市中和區民利街６９號六樓,住宅大樓(11層含以上有電梯),27.87235104521316,10.0,1572.0,56.399997885000005,2,2,1,1050418,六層,十五層
2026-04-12,新北市,中和區,新北市中和區景平路７３６巷５弄１１號二樓,公寓(5樓含以下無電梯),29.45140110442754,41.2,1408.0,47.807601513,3,2,2,0740206,二層,五層
2026-04-12,新北市,中和區,新北市中和區民享街３０巷１１號,公寓(5樓含以下無電梯),25.25572594708972,41.6,1650.0,65.33156779800001,2,2,1,0730901,一層,五層
2026-04-12,新北市,中和區,新北市中和區員山路２２之２９號七樓,華廈(10層含以下有電梯),34.41845129069192,1.2,1660.0,48.230080836,3,2,2,1140123,七層,七層
2026-04-12,新北市,中和區,新北市中和區南山路５２巷１７號三樓,公寓(5樓含以下無電梯),28.804051080151915,40.7,1300.0,45.132560291000004,3,2,2,0740814,三層,五層
2026-04-12,新北市,中和區,新北市中和區中正路１６９號九樓之十,住宅大樓(11層含以上有電梯),27.639426036478476,20.7,1500.0,59.90710519150001,2,2,1,0940805,九層,十四層
2026-04-12,新北市,中和區,新北市中和區中原二街１１５號四樓,住宅大樓(11層含以上有電梯),74.15182778069354,12.3,3500.0,47.200328808500004,4,2,1,1021227,四層,二十三層
2026-04-10,新北市,中和區,新北市中和區景平路６４巷１４弄６號四樓,公寓(5樓含以下無電梯),12.632400473715016,49.8,530.0,41.955700906000004,2,1,1,0650705,四層,四層
2026-04-10,新北市,中和區,新北市中和區景新街３３５之８號十四樓,住宅大樓(11層含以上有電梯),34.14015128025567,4.1,2068.0,60.57388202600001,3,1,1,1110224,十四層,三十六層
2026-04-10,新北市,中和區,新北市中和區景新街３３５之９號三十一樓,住宅大樓(11層含以上有電梯),20.116250754359402,4.1,1700.0,84.5087571615,2,1,1,1110224,三十一層,三十六層
2026-04-09,新北市,中和區,新北市中和區民樂路４２號六樓,住宅大樓(11層含以上有電梯),64.39317741474414,30.7,2640.0,45.35702309250001,4,2,2,0840809,六層,十二層
2026-04-08,新北市,中和區,新北市中和區圓通路３０５巷５弄６３號十二樓,住宅大樓(11層含以上有電梯),29.275951097848164,1.3,1730.0,59.092890346000004,1,2,1,1140102,十二層,十四層
2026-04-08,新北市,中和區,新北市中和區連勝街５７巷１３號五樓,華廈(10層含以下有電梯),15.394225577283459,26.4,1010.0,65.60892315950001,1,2,1,0881106,五層,六層
2026-04-08,新北市,中和區,新北市中和區連城路４８５號,公寓(5樓含以下無電梯),22.236775833879094,50.6,2170.0,97.586112043,0,2,1,0640903,一層，騎樓,四層
2026-04-07,新北市,中和區,新北市中和區水源路３４巷１２號六樓之２,住宅大樓(11層含以上有電梯),43.04575161421569,0.6,2535.0,69.376526324,3,1,2,1140903,六層,十四層
2026-04-07,新北市,中和區,新北市中和區連勝街３５巷１０號四樓,公寓(5樓含以下無電梯),32.43102621616348,37.7,1200.0,37.001651505000005,4,2,2,0770713,四層,五層
2026-04-07,新北市,中和區,新北市中和區興南路二段３９９巷１２之１號四樓,華廈(10層含以下有電梯),36.082201353082546,10.3,1388.0,38.4677671525,2,2,2,1041224,四層,四層
2026-04-07,新北市,中和區,新北市中和區福祥路１４６號三樓,公寓(5樓含以下無電梯),28.289801060867536,44.4,1200.0,42.4181802275,4,1,2,0701128,三層,五層
2026-04-07,新北市,中和區,新北市中和區連城路４６９巷４４弄１８號三樓,公寓(5樓含以下無電梯),28.084101053153788,41.8,1180.0,42.016527350000004,3,2,2,0730625,三層,五層
2026-04-06,新北市,中和區,新北市中和區景平路４３１巷２５號十三樓之一,住宅大樓(11層含以上有電梯),31.03650116386879,28.6,2120.0,68.30677429800001,3,2,2,0860910,十三層,十七層
2026-04-06,新北市,中和區,新北市中和區中山路二段２０８號十樓之１,住宅大樓(11層含以上有電梯),16.099050603714396,8.4,1188.0,73.793055084,1,1,1,1061031,十層,十三層
2026-04-06,新北市,中和區,新北市中和區勝利路３５巷１弄８號三樓,公寓(5樓含以下無電梯),23.95195089819816,45.5,1100.0,45.925287534000006,3,2,1,0690926,三層，陽台,四層
